{
    "media_upload": 2.1565902037573172,
    "media_download": 2.3501726398968774,
    "variancia_upload": 4.113081821329419,
    "variancia_download": 6.723919241480409,
    "desvio_upload": 2.0280734260202267,
    "desvio_download": 2.5930521092875107,
    "dados_upload": 4417903,
    "dados_download": 4417903,
    "Num_bin_up": 23.075408137400053,
    "Num_bin_down": 23.075408137400053
}