{
    "media_upload": 3.34967172511555,
    "media_download": 3.7993354880842083,
    "variancia_upload": 0.4615998840831419,
    "variancia_download": 1.6659787862762065,
    "desvio_upload": 0.6794114247517051,
    "desvio_download": 1.290728006311247,
    "dados_upload": 1620529,
    "dados_download": 1620529,
    "Num_bin_up": 21.628479913874887,
    "Num_bin_down": 21.628479913874887
}